1.296634443495592315e+00,1.201106560653250943e+00,1.201106560653250943e+00,9.766952811356790498e-01,9.766952811356790498e-01,9.535952818504354056e-01,9.535952818504354056e-01,9.535952818504354056e-01,9.535952818504354056e-01,9.220020266073065685e-01,8.444208177976357810e-01,8.444208177976357810e-01,6.518050147722358467e-01,6.025276711462095314e-01,6.025276711462095314e-01,5.869661177530840490e-01,4.641175794077438965e-01,4.641175794077438965e-01,4.641175794077438965e-01,3.045141764219976288e-01,2.566475626386237607e-01,2.566475626386237607e-01,2.454075148075807178e-01,1.569846032222570464e-01,1.569846032222570464e-01,1.039702051123168047e-01,1.039702051123168047e-01,7.311897163972291835e-02,7.122974495853995336e-02,4.361413966508731477e-02,2.697044770224055199e-02,2.121093461982237471e-02,2.121093461982237471e-02,1.570142518376815843e-02,1.570142518376815843e-02,1.190216587445114271e-02,1.108462802520726598e-02,1.108462802520726598e-02,9.443605399218846230e-03,8.536514277721174437e-03,8.536514277721174437e-03,8.214091168483150796e-03,8.214091168483150796e-03,8.214091168483150796e-03,8.214091168483150796e-03,8.214091168483150796e-03,8.214091168483150796e-03,8.214091168483150796e-03,8.214091168483150796e-03,8.214091168483150796e-03,8.214091168483150796e-03,8.214091168483150796e-03,8.214091168483150796e-03,8.214091168483150796e-03,8.214091168483150796e-03,8.214091168483150796e-03,8.214091168483150796e-03,8.214091168483150796e-03,8.214091168483150796e-03,8.214091168483150796e-03
1.012621846318592755e+00,1.012621846318592755e+00,1.012621846318592755e+00,9.765296006717933963e-01,9.765296006717933963e-01,9.765296006717933963e-01,9.765296006717933963e-01,9.765296006717933963e-01,9.765296006717933963e-01,8.180177593143196368e-01,6.990754786967925405e-01,3.870935811497857593e-01,3.870935811497857593e-01,3.870935811497857593e-01,3.870935811497857593e-01,3.346801506893646305e-01,2.609210975677251909e-01,2.533304889803207338e-01,1.709899705742188303e-01,1.245717207280043759e-01,1.245717207280043759e-01,1.076902443051217517e-01,7.509192545814302733e-02,5.117432034250102291e-02,3.435318837766265787e-02,2.654096443315756559e-02,2.281890717456347417e-02,2.124000805748016418e-02,1.809674597369426152e-02,1.399248987271883848e-02,1.095006104743800890e-02,1.001118017085955714e-02,1.001118017085955714e-02,8.099628908423195384e-03,8.099628908423195384e-03,7.975890230810023240e-03,7.975890230810023240e-03,7.975890230810023240e-03,7.975890230810023240e-03,7.975890230810023240e-03,7.975890230810023240e-03,7.975890230810023240e-03,7.975890230810023240e-03,7.975890230810023240e-03,7.975890230810023240e-03,7.975890230810023240e-03,7.975890230810023240e-03,7.975890230810023240e-03,7.975890230810023240e-03,7.975890230810023240e-03,7.975890230810023240e-03,7.975890230810023240e-03,7.975890230810023240e-03,7.975890230810023240e-03,7.975890230810023240e-03,7.975890230810023240e-03,7.975890230810023240e-03,7.975890230810023240e-03,7.975890230810023240e-03,7.975890230810023240e-03
1.110179891784847106e+00,1.110179891784847106e+00,1.110179891784847106e+00,1.110179891784847106e+00,1.110179891784847106e+00,1.110179891784847106e+00,9.271806065621253090e-01,9.271806065621253090e-01,9.271806065621253090e-01,9.271806065621253090e-01,9.104133953194688544e-01,4.600977646486965611e-01,4.600977646486965611e-01,4.359630616817571358e-01,3.986842458327592986e-01,3.986842458327592986e-01,2.936459059900120572e-01,2.541692816567593383e-01,2.171496565963813019e-01,1.495723710951386565e-01,1.495723710951386565e-01,9.743613711252452347e-02,8.739723832327062070e-02,8.340891292666530177e-02,5.996070812692622098e-02,4.460129494110764981e-02,2.869027673960289349e-02,1.863819727054183417e-02,1.863819727054183417e-02,1.863819727054183417e-02,1.747452340761412870e-02,1.403034216585608007e-02,1.172469177835377963e-02,9.652403676138732180e-03,8.631245775794660346e-03,8.597946449778515188e-03,7.623332942390703693e-03,7.623332942390703693e-03,7.623332942390703693e-03,7.623332942390703693e-03,7.623332942390703693e-03,7.623332942390703693e-03,7.623332942390703693e-03,7.623332942390703693e-03,7.623332942390703693e-03,7.623332942390703693e-03,7.623332942390703693e-03,7.623332942390703693e-03,7.623332942390703693e-03,7.623332942390703693e-03,7.623332942390703693e-03,7.623332942390703693e-03,7.623332942390703693e-03,7.623332942390703693e-03,7.623332942390703693e-03,7.623332942390703693e-03,7.623332942390703693e-03,7.623332942390703693e-03,7.623332942390703693e-03,7.623332942390703693e-03
7.112040447226628537e-01,5.750780716332588582e-01,4.923281065286300162e-01,3.931409974328223811e-01,3.931409974328223811e-01,2.772291492926792777e-01,2.331411573086223932e-01,1.780128853335480876e-01,1.582295120744361405e-01,1.582295120744361405e-01,1.582295120744361405e-01,1.582295120744361405e-01,1.582295120744361405e-01,1.582295120744361405e-01,1.582295120744361405e-01,1.582295120744361405e-01,1.582295120744361405e-01,1.582295120744361405e-01,1.582295120744361405e-01,1.497331411144902091e-01,1.497331411144902091e-01,1.483373744683058604e-01,1.447103152050224217e-01,1.447103152050224217e-01,1.447103152050224217e-01,1.390588566381403268e-01,1.390588566381403268e-01,1.219700426941816573e-01,1.219700426941816573e-01,1.219700426941816573e-01,1.219700426941816573e-01,1.219700426941816573e-01,1.219700426941816573e-01,1.111699023149630428e-01,1.111699023149630428e-01,1.111699023149630428e-01,1.091050216766547010e-01,1.083642456242039920e-01,1.083642456242039920e-01,1.083642456242039920e-01,1.083642456242039920e-01,1.083642456242039920e-01,1.076624299862043443e-01,1.076624299862043443e-01,1.076624299862043443e-01,1.076624299862043443e-01,9.884343030039932643e-02,9.884343030039932643e-02,9.884343030039932643e-02,9.884343030039932643e-02,8.502081359897717405e-02,8.502081359897717405e-02,8.502081359897717405e-02,8.502081359897717405e-02,8.456850847287222805e-02,8.456850847287222805e-02,8.456850847287222805e-02,8.456850847287222805e-02,7.662768507771833271e-02,7.662768507771833271e-02
1.023667534601711449e+00,1.023667534601711449e+00,1.023667534601711449e+00,1.023667534601711449e+00,1.023667534601711449e+00,1.003593060912912893e+00,1.003593060912912893e+00,1.003593060912912893e+00,1.003593060912912893e+00,8.209267639816424378e-01,8.077700963888831964e-01,5.864457027715967996e-01,5.864457027715967996e-01,5.864457027715967996e-01,4.771344084134931940e-01,3.307803487734801706e-01,3.307803487734801706e-01,3.141059912791503983e-01,2.711610132027710840e-01,2.433511428281560640e-01,2.113498748078037615e-01,1.674461640867703771e-01,1.018898743406562168e-01,9.912104953788247741e-02,8.602412549132765207e-02,8.602412549132765207e-02,5.560389724955561164e-02,4.581835407216594547e-02,3.265388320599793559e-02,2.684472106792723523e-02,2.144281746699672198e-02,1.631240145727064217e-02,1.502724657994525259e-02,1.351340505896025945e-02,1.101194226744084403e-02,1.073641924444102003e-02,9.485048439170640222e-03,8.652599211492528752e-03,8.109455335604920379e-03,8.109455335604920379e-03,8.109455335604920379e-03,8.109455335604920379e-03,8.109455335604920379e-03,8.109455335604920379e-03,8.109455335604920379e-03,8.109455335604920379e-03,8.109455335604920379e-03,8.109455335604920379e-03,8.109455335604920379e-03,8.109455335604920379e-03,8.109455335604920379e-03,8.109455335604920379e-03,8.109455335604920379e-03,8.109455335604920379e-03,8.109455335604920379e-03,8.109455335604920379e-03,8.109455335604920379e-03,8.109455335604920379e-03,8.109455335604920379e-03,8.109455335604920379e-03
1.103931894687295800e+00,1.103931894687295800e+00,1.103931894687295800e+00,5.614480029992150456e-01,5.571771195314898506e-01,5.571771195314898506e-01,2.134852036444780943e-01,2.134852036444780943e-01,1.880915232637176970e-01,1.604582050024845330e-01,1.556558548513198303e-01,1.299748238824949276e-01,1.209305842232821782e-01,1.209305842232821782e-01,1.209305842232821782e-01,1.209305842232821782e-01,1.209305842232821782e-01,1.209305842232821782e-01,1.209305842232821782e-01,1.209305842232821782e-01,1.209305842232821782e-01,1.209305842232821782e-01,1.209305842232821782e-01,1.101235351637157578e-01,1.101235351637157578e-01,1.093508151946420703e-01,1.093508151946420703e-01,1.093508151946420703e-01,1.093508151946420703e-01,1.093222992725517706e-01,1.093222992725517706e-01,1.093222992725517706e-01,1.093222992725517706e-01,1.093222992725517706e-01,1.011209343215417888e-01,1.011209343215417888e-01,1.011209343215417888e-01,1.011209343215417888e-01,1.011209343215417888e-01,1.011209343215417888e-01,1.011209343215417888e-01,1.011209343215417888e-01,1.011209343215417888e-01,9.671848649958647570e-02,9.671848649958647570e-02,9.671848649958647570e-02,9.671848649958647570e-02,9.671848649958647570e-02,9.671848649958647570e-02,9.671848649958647570e-02,8.848648732447994547e-02,8.848648732447994547e-02,8.848648732447994547e-02,8.848648732447994547e-02,8.848648732447994547e-02,8.848648732447994547e-02,8.848648732447994547e-02,8.848648732447994547e-02,8.848648732447994547e-02,8.848648732447994547e-02
9.305633240125112948e-01,9.305633240125112948e-01,7.168524139693994712e-01,7.168524139693994712e-01,7.168524139693994712e-01,7.168524139693994712e-01,7.168524139693994712e-01,4.547943407014733985e-01,4.547943407014733985e-01,2.976169602602456443e-01,2.667482135152141609e-01,2.667482135152141609e-01,1.552702164258419337e-01,1.552702164258419337e-01,1.257609114920770210e-01,1.161051653312217269e-01,1.161051653312217269e-01,1.161051653312217269e-01,1.161051653312217269e-01,1.161051653312217269e-01,1.161051653312217269e-01,1.161051653312217269e-01,1.161051653312217269e-01,1.161051653312217269e-01,1.161051653312217269e-01,1.161051653312217269e-01,1.161051653312217269e-01,1.155384629601541313e-01,1.155384629601541313e-01,1.144868591389887058e-01,1.144868591389887058e-01,1.058813413122741132e-01,9.763021405568217403e-02,9.763021405568217403e-02,9.763021405568217403e-02,9.763021405568217403e-02,9.763021405568217403e-02,9.763021405568217403e-02,9.763021405568217403e-02,9.763021405568217403e-02,9.763021405568217403e-02,9.763021405568217403e-02,9.763021405568217403e-02,9.763021405568217403e-02,8.359273400065703186e-02,8.359273400065703186e-02,8.265561841644952779e-02,8.265561841644952779e-02,8.265561841644952779e-02,8.265561841644952779e-02,8.265561841644952779e-02,8.265561841644952779e-02,8.265561841644952779e-02,8.265561841644952779e-02,8.265561841644952779e-02,8.265561841644952779e-02,8.265561841644952779e-02,8.265561841644952779e-02,8.265561841644952779e-02,8.265561841644952779e-02
1.092053477458154953e+00,1.092053477458154953e+00,1.092053477458154953e+00,1.092053477458154953e+00,1.092053477458154953e+00,1.092053477458154953e+00,6.845069693448611048e-01,6.845069693448611048e-01,2.022020494006042668e-01,2.022020494006042668e-01,2.022020494006042668e-01,1.824605045039278117e-01,1.544915729554157124e-01,1.331269243783599343e-01,9.619334098418264034e-02,9.619334098418264034e-02,9.619334098418264034e-02,9.552475737266430400e-02,9.051875464399783411e-02,9.051875464399783411e-02,9.051875464399783411e-02,9.051875464399783411e-02,9.051875464399783411e-02,9.051875464399783411e-02,9.051875464399783411e-02,9.051875464399783411e-02,8.960515802717150535e-02,8.960515802717150535e-02,8.960515802717150535e-02,8.960515802717150535e-02,8.275509612850973085e-02,8.275509612850973085e-02,8.275509612850973085e-02,8.210681112612983057e-02,8.210681112612983057e-02,8.210681112612983057e-02,8.210681112612983057e-02,8.210681112612983057e-02,8.210681112612983057e-02,8.210681112612983057e-02,8.210681112612983057e-02,8.210681112612983057e-02,8.210681112612983057e-02,8.210681112612983057e-02,8.210681112612983057e-02,8.210681112612983057e-02,8.210681112612983057e-02,8.210681112612983057e-02,8.210681112612983057e-02,8.210681112612983057e-02,8.210681112612983057e-02,8.210681112612983057e-02,8.210681112612983057e-02,8.210681112612983057e-02,8.210681112612983057e-02,8.210681112612983057e-02,8.210681112612983057e-02,8.210681112612983057e-02,7.808108328428353673e-02,7.808108328428353673e-02
9.106264014410454521e-01,9.106264014410454521e-01,9.106264014410454521e-01,9.106264014410454521e-01,6.486102226566692330e-01,3.567987440541742217e-01,3.567987440541742217e-01,3.380583234169138862e-01,1.938877091903656869e-01,1.938877091903656869e-01,1.910356996013660158e-01,1.385917293436533804e-01,1.057928783559631825e-01,1.057928783559631825e-01,9.575052635841085902e-02,9.575052635841085902e-02,9.462750746579517980e-02,8.863369864667980380e-02,8.863369864667980380e-02,8.863369864667980380e-02,8.863369864667980380e-02,8.863369864667980380e-02,8.863369864667980380e-02,8.863369864667980380e-02,8.863369864667980380e-02,8.863369864667980380e-02,8.485489251346978179e-02,8.485489251346978179e-02,8.485489251346978179e-02,8.485489251346978179e-02,8.485489251346978179e-02,8.485489251346978179e-02,8.485489251346978179e-02,8.485489251346978179e-02,8.485489251346978179e-02,8.485489251346978179e-02,8.485489251346978179e-02,8.485489251346978179e-02,8.485489251346978179e-02,8.485489251346978179e-02,8.419785685799974218e-02,8.419785685799974218e-02,8.419785685799974218e-02,8.419785685799974218e-02,8.419785685799974218e-02,8.419785685799974218e-02,8.419785685799974218e-02,8.419785685799974218e-02,8.419785685799974218e-02,8.419785685799974218e-02,8.169034050646262202e-02,8.169034050646262202e-02,8.169034050646262202e-02,8.169034050646262202e-02,8.169034050646262202e-02,8.169034050646262202e-02,8.169034050646262202e-02,8.169034050646262202e-02,7.638541225054318318e-02,7.631442887179051837e-02
2.660437023507644660e-01,2.660437023507644660e-01,2.512215441868428378e-01,2.512215441868428378e-01,2.512215441868428378e-01,2.512215441868428378e-01,1.927457695968319840e-01,1.927457695968319840e-01,1.927457695968319840e-01,1.788447437389235617e-01,1.788447437389235617e-01,1.788447437389235617e-01,1.788447437389235617e-01,1.788447437389235617e-01,1.788447437389235617e-01,1.788447437389235617e-01,1.788447437389235617e-01,1.788447437389235617e-01,1.788447437389235617e-01,1.484904010842540423e-01,1.484904010842540423e-01,1.398404975182021559e-01,1.398404975182021559e-01,1.362975868247100486e-01,1.362975868247100486e-01,1.362975868247100486e-01,1.362975868247100486e-01,1.297691680525638880e-01,1.297691680525638880e-01,1.297691680525638880e-01,1.297691680525638880e-01,1.129672127058820585e-01,1.129672127058820585e-01,1.100238786942338010e-01,1.100238786942338010e-01,1.100238786942338010e-01,1.100238786942338010e-01,1.100238786942338010e-01,1.100238786942338010e-01,1.100238786942338010e-01,1.079640216757065119e-01,1.079640216757065119e-01,1.079640216757065119e-01,9.691215323798774151e-02,9.691215323798774151e-02,9.691215323798774151e-02,9.691215323798774151e-02,9.691215323798774151e-02,9.691215323798774151e-02,9.691215323798774151e-02,9.373474711606055720e-02,9.373474711606055720e-02,9.373474711606055720e-02,8.216100828234074172e-02,8.166667094935453619e-02,8.166667094935453619e-02,8.166667094935453619e-02,8.166667094935453619e-02,8.166667094935453619e-02,8.166667094935453619e-02
1.107879935905378810e+00,1.107879935905378810e+00,1.107879935905378810e+00,1.107879935905378810e+00,7.050612881759805717e-01,7.050612881759805717e-01,7.050612881759805717e-01,7.050612881759805717e-01,5.424337728370085543e-01,5.424337728370085543e-01,5.004446808641880295e-01,4.017855353097452564e-01,1.971297512211931391e-01,1.885059614579125409e-01,1.711630621686635045e-01,1.583645381335152535e-01,1.583645381335152535e-01,1.583645381335152535e-01,1.277980362239716783e-01,1.277980362239716783e-01,1.277980362239716783e-01,1.277980362239716783e-01,1.277980362239716783e-01,1.277980362239716783e-01,1.277980362239716783e-01,1.277980362239716783e-01,1.277980362239716783e-01,1.277980362239716783e-01,1.277980362239716783e-01,1.277980362239716783e-01,1.222432444128824791e-01,1.222432444128824791e-01,1.222432444128824791e-01,1.071348637127047532e-01,1.071348637127047532e-01,1.071348637127047532e-01,1.071348637127047532e-01,1.071348637127047532e-01,1.071348637127047532e-01,1.071348637127047532e-01,1.071348637127047532e-01,9.215695431158277273e-02,9.215695431158277273e-02,9.215695431158277273e-02,9.215695431158277273e-02,9.215695431158277273e-02,9.215695431158277273e-02,8.791562407541686497e-02,8.791562407541686497e-02,8.791562407541686497e-02,8.791562407541686497e-02,8.791562407541686497e-02,8.791562407541686497e-02,8.791562407541686497e-02,8.791562407541686497e-02,8.791562407541686497e-02,8.791562407541686497e-02,8.791562407541686497e-02,8.791562407541686497e-02,8.791562407541686497e-02
1.315777100299242663e+00,1.315777100299242663e+00,1.315777100299242663e+00,1.169333307504158759e+00,3.631983522327639768e-01,3.631983522327639768e-01,3.631983522327639768e-01,3.328946290518315365e-01,3.328946290518315365e-01,2.450651501758405182e-01,1.730340791418338853e-01,1.730340791418338853e-01,1.295085180783530632e-01,1.295085180783530632e-01,1.239443524071526248e-01,1.239443524071526248e-01,1.239443524071526248e-01,1.238059910234401428e-01,1.238059910234401428e-01,1.238059910234401428e-01,1.238059910234401428e-01,1.238059910234401428e-01,1.238059910234401428e-01,1.238059910234401428e-01,1.238059910234401428e-01,1.089476466949648170e-01,1.089476466949648170e-01,1.089476466949648170e-01,1.082576948498261693e-01,1.082576948498261693e-01,1.082576948498261693e-01,1.082576948498261693e-01,1.082576948498261693e-01,1.082576948498261693e-01,1.041288466992584816e-01,1.041288466992584816e-01,1.041288466992584816e-01,1.041288466992584816e-01,9.605348416973624737e-02,9.566804447445598214e-02,9.566804447445598214e-02,9.566804447445598214e-02,9.566804447445598214e-02,9.566804447445598214e-02,9.566804447445598214e-02,9.566804447445598214e-02,9.566804447445598214e-02,9.566804447445598214e-02,9.566804447445598214e-02,8.607301900326458366e-02,8.607301900326458366e-02,8.607301900326458366e-02,8.607301900326458366e-02,8.607301900326458366e-02,8.607301900326458366e-02,8.607301900326458366e-02,8.607301900326458366e-02,8.607301900326458366e-02,8.607301900326458366e-02,8.164974353651510697e-02
7.640549127904145976e-01,7.640549127904145976e-01,5.738878455234153186e-01,5.738878455234153186e-01,5.738878455234153186e-01,5.738878455234153186e-01,3.250488785503273803e-01,3.250488785503273803e-01,3.250488785503273803e-01,2.934337709059495758e-01,2.934337709059495758e-01,2.543889949884623469e-01,1.786069033896855451e-01,1.099535886135387663e-01,1.095701295225266492e-01,8.269060953922835466e-02,7.794351642631802690e-02,6.925179797860891995e-02,4.641755429329563754e-02,2.841917043971653456e-02,2.841917043971653456e-02,1.928002971902031959e-02,1.877863125605871986e-02,1.770940881861582383e-02,1.604786801765278881e-02,1.282791207536115863e-02,9.236806321558432842e-03,8.827523028321682119e-03,8.827523028321682119e-03,8.827523028321682119e-03,8.827523028321682119e-03,8.827523028321682119e-03,7.837471497216697003e-03,7.837471497216697003e-03,7.837471497216697003e-03,7.837471497216697003e-03,7.837471497216697003e-03,7.837471497216697003e-03,7.837471497216697003e-03,7.837471497216697003e-03,7.837471497216697003e-03,7.837471497216697003e-03,7.837471497216697003e-03,7.837471497216697003e-03,7.837471497216697003e-03,7.837471497216697003e-03,7.837471497216697003e-03,7.837471497216697003e-03,7.837471497216697003e-03,7.837471497216697003e-03,7.837471497216697003e-03,7.837471497216697003e-03,7.837471497216697003e-03,7.837471497216697003e-03,7.837471497216697003e-03,7.837471497216697003e-03,7.837471497216697003e-03,7.837471497216697003e-03,7.837471497216697003e-03,7.837471497216697003e-03
1.214308971530052128e+00,1.214308971530052128e+00,1.214308971530052128e+00,1.099582917987673047e+00,1.099582917987673047e+00,9.033239608179761682e-01,9.033239608179761682e-01,9.033239608179761682e-01,9.033239608179761682e-01,9.033239608179761682e-01,9.033239608179761682e-01,9.033239608179761682e-01,6.005084868685530708e-01,5.433905627532831240e-01,3.779541087856777004e-01,3.779541087856777004e-01,3.779541087856777004e-01,3.779541087856777004e-01,2.703719895663709849e-01,2.379116448039853005e-01,1.521514388607472235e-01,1.521514388607472235e-01,1.521514388607472235e-01,1.521514388607472235e-01,1.135786251436448069e-01,9.465522915851387609e-02,8.137486348103672995e-02,8.137486348103672995e-02,5.665566503170182955e-02,4.674326387664873295e-02,4.027466537707447003e-02,4.027466537707447003e-02,3.595736775084867887e-02,3.595736775084867887e-02,2.584138767617893961e-02,2.252928177880475502e-02,1.921227410759218657e-02,1.482605877616327561e-02,1.241874370510398506e-02,1.225161686915443582e-02,1.084154196699849138e-02,1.084154196699849138e-02,1.084154196699849138e-02,8.545973942217788277e-03,8.545973942217788277e-03,8.545973942217788277e-03,8.545973942217788277e-03,8.545973942217788277e-03,8.213893213473433264e-03,8.213893213473433264e-03,8.213893213473433264e-03,8.213893213473433264e-03,8.213893213473433264e-03,8.213893213473433264e-03,8.213893213473433264e-03,8.213893213473433264e-03,8.213893213473433264e-03,8.213893213473433264e-03,8.213893213473433264e-03,8.213893213473433264e-03
1.140301110358751036e+00,9.611637022174268630e-01,9.611637022174268630e-01,9.611637022174268630e-01,9.611637022174268630e-01,6.033164977659479788e-01,2.812219884601372399e-01,2.812219884601372399e-01,2.812219884601372399e-01,2.414518899565658572e-01,1.486476397240674707e-01,1.486476397240674707e-01,1.486476397240674707e-01,1.115305049871846421e-01,1.115305049871846421e-01,1.115305049871846421e-01,9.741958147819040903e-02,9.741958147819040903e-02,9.741958147819040903e-02,9.741958147819040903e-02,9.741958147819040903e-02,9.741958147819040903e-02,9.741958147819040903e-02,9.741958147819040903e-02,9.741958147819040903e-02,9.741958147819040903e-02,9.557826950820569323e-02,9.557826950820569323e-02,9.557826950820569323e-02,9.557826950820569323e-02,9.557826950820569323e-02,9.557826950820569323e-02,8.670615023901850904e-02,8.556273615957143974e-02,8.556273615957143974e-02,8.556273615957143974e-02,8.556273615957143974e-02,8.556273615957143974e-02,8.556273615957143974e-02,8.556273615957143974e-02,8.556273615957143974e-02,8.556273615957143974e-02,8.556273615957143974e-02,8.556273615957143974e-02,8.140037916387443673e-02,8.140037916387443673e-02,8.140037916387443673e-02,8.140037916387443673e-02,7.294454907485858897e-02,7.256646850322612252e-02,7.256646850322612252e-02,7.256646850322612252e-02,7.256646850322612252e-02,7.256646850322612252e-02,7.256646850322612252e-02,7.256646850322612252e-02,7.256646850322612252e-02,7.256646850322612252e-02,7.256646850322612252e-02,7.256646850322612252e-02
3.532474689192994788e-01,3.532474689192994788e-01,2.828432038871735443e-01,2.121579485763867012e-01,2.121579485763867012e-01,2.117596433109842913e-01,1.681717347416480379e-01,1.154800598282834656e-01,1.154800598282834656e-01,1.112216280094835419e-01,9.711561594990847368e-02,9.507171666198965809e-02,9.507171666198965809e-02,9.507171666198965809e-02,9.507171666198965809e-02,9.507171666198965809e-02,9.507171666198965809e-02,9.055278202528516118e-02,9.055278202528516118e-02,9.055278202528516118e-02,9.029379733116060791e-02,9.029379733116060791e-02,8.820377397917233964e-02,8.389893350066079947e-02,8.389893350066079947e-02,8.389893350066079947e-02,8.261033674229034673e-02,8.261033674229034673e-02,8.100863712443118203e-02,8.100863712443118203e-02,8.100863712443118203e-02,8.100863712443118203e-02,7.761760648822502162e-02,7.761760648822502162e-02,7.761760648822502162e-02,7.761760648822502162e-02,7.761760648822502162e-02,7.761760648822502162e-02,7.761760648822502162e-02,7.761760648822502162e-02,7.761760648822502162e-02,7.761760648822502162e-02,7.674853871970199748e-02,7.674853871970199748e-02,7.674853871970199748e-02,7.674853871970199748e-02,7.674853871970199748e-02,7.674853871970199748e-02,7.674853871970199748e-02,7.674853871970199748e-02,7.674853871970199748e-02,7.674853871970199748e-02,7.674853871970199748e-02,7.674853871970199748e-02,7.674853871970199748e-02,7.674853871970199748e-02,7.674853871970199748e-02,7.674853871970199748e-02,7.674853871970199748e-02,7.674853871970199748e-02
6.550625131570009252e-01,5.737854372274537873e-01,5.737854372274537873e-01,2.547851055447165614e-01,2.547851055447165614e-01,2.547851055447165614e-01,1.419207218179630026e-01,1.260891304069682306e-01,1.063807712082436296e-01,8.975294362369723444e-02,8.119883750713885462e-02,7.273107327975436576e-02,7.273107327975436576e-02,7.273107327975436576e-02,7.273107327975436576e-02,7.273107327975436576e-02,7.273107327975436576e-02,7.273107327975436576e-02,7.273107327975436576e-02,7.273107327975436576e-02,7.273107327975436576e-02,7.273107327975436576e-02,7.273107327975436576e-02,7.273107327975436576e-02,7.273107327975436576e-02,7.273107327975436576e-02,7.273107327975436576e-02,7.273107327975436576e-02,7.273107327975436576e-02,7.273107327975436576e-02,7.273107327975436576e-02,7.213360282838898740e-02,7.213360282838898740e-02,7.213360282838898740e-02,7.213360282838898740e-02,7.213360282838898740e-02,7.213360282838898740e-02,7.213360282838898740e-02,7.213360282838898740e-02,7.213360282838898740e-02,7.213360282838898740e-02,7.213360282838898740e-02,7.213360282838898740e-02,7.213360282838898740e-02,7.213360282838898740e-02,7.213360282838898740e-02,7.213360282838898740e-02,7.213360282838898740e-02,7.213360282838898740e-02,7.213360282838898740e-02,7.213360282838898740e-02,7.213360282838898740e-02,7.213360282838898740e-02,7.148897581635882403e-02,7.148897581635882403e-02,7.148897581635882403e-02,7.148897581635882403e-02,7.148897581635882403e-02,7.148897581635882403e-02,7.148897581635882403e-02
1.168874170139762914e+00,1.168874170139762914e+00,1.020979484540033511e+00,8.652660081634473421e-01,8.652660081634473421e-01,8.652660081634473421e-01,8.652660081634473421e-01,8.652660081634473421e-01,8.652660081634473421e-01,8.652660081634473421e-01,6.915998382831727298e-01,5.713375424186404317e-01,3.957848266254364589e-01,3.957848266254364589e-01,3.957848266254364589e-01,3.957848266254364589e-01,3.686925975798289734e-01,2.094638253208751522e-01,2.094638253208751522e-01,1.867611396099340126e-01,1.298245970730111942e-01,1.239727105656314166e-01,9.119809870040285205e-02,6.556858874226234590e-02,6.556858874226234590e-02,5.908379850614497997e-02,3.878544211822543275e-02,2.509394958558663902e-02,2.096015821354590969e-02,2.096015821354590969e-02,1.961500142924021972e-02,1.651115615776843626e-02,1.252516212982435206e-02,1.004904400751405191e-02,1.004904400751405191e-02,8.729454384632795438e-03,8.729454384632795438e-03,8.729454384632795438e-03,8.729454384632795438e-03,8.729454384632795438e-03,8.729454384632795438e-03,8.369933829959652627e-03,8.369933829959652627e-03,8.369933829959652627e-03,8.369933829959652627e-03,8.369933829959652627e-03,8.369933829959652627e-03,8.369933829959652627e-03,8.369933829959652627e-03,8.369933829959652627e-03,8.369933829959652627e-03,8.369933829959652627e-03,8.369933829959652627e-03,8.369933829959652627e-03,8.369933829959652627e-03,8.369933829959652627e-03,8.369933829959652627e-03,8.369933829959652627e-03,8.369933829959652627e-03,8.369933829959652627e-03
8.226388867338059185e-01,8.226388867338059185e-01,7.616375458972464152e-01,7.616375458972464152e-01,7.506230968215024113e-01,7.506230968215024113e-01,7.430462764436089884e-01,7.430462764436089884e-01,4.955064443755721193e-01,4.437348519049493234e-01,4.437348519049493234e-01,3.386054623407974695e-01,3.386054623407974695e-01,3.386054623407974695e-01,2.445236224174243134e-01,1.774999473100158376e-01,1.398582872866991345e-01,1.078391412246668679e-01,8.311186544447091151e-02,7.592263973007806754e-02,6.195910635317547488e-02,4.234792461355407767e-02,2.935936894586355095e-02,2.159541282733323797e-02,1.610087471500509793e-02,1.558898470822800419e-02,1.558898470822800419e-02,1.464021759420930380e-02,1.062480957029166007e-02,8.948034586484965303e-03,8.353584884855713710e-03,8.353584884855713710e-03,8.353584884855713710e-03,8.066068251440849934e-03,8.066068251440849934e-03,8.066068251440849934e-03,8.066068251440849934e-03,8.066068251440849934e-03,8.066068251440849934e-03,8.066068251440849934e-03,8.066068251440849934e-03,8.066068251440849934e-03,8.066068251440849934e-03,8.066068251440849934e-03,8.066068251440849934e-03,8.066068251440849934e-03,8.066068251440849934e-03,8.066068251440849934e-03,8.066068251440849934e-03,8.066068251440849934e-03,8.066068251440849934e-03,8.066068251440849934e-03,8.066068251440849934e-03,8.066068251440849934e-03,8.066068251440849934e-03,8.066068251440849934e-03,8.066068251440849934e-03,8.066068251440849934e-03,8.066068251440849934e-03,8.066068251440849934e-03
1.367507701190110447e+00,9.684675959856563487e-01,9.684675959856563487e-01,9.684675959856563487e-01,9.684675959856563487e-01,8.399529900204378841e-01,8.399529900204378841e-01,8.399529900204378841e-01,8.399529900204378841e-01,8.399529900204378841e-01,8.399529900204378841e-01,8.399529900204378841e-01,3.670877775863430337e-01,2.679148287485944024e-01,2.679148287485944024e-01,1.659384938947807697e-01,1.500038060222026459e-01,1.421393756377433704e-01,1.176704120661953290e-01,1.176704120661953290e-01,1.176704120661953290e-01,1.176704120661953290e-01,1.176704120661953290e-01,1.176704120661953290e-01,1.176704120661953290e-01,1.176704120661953290e-01,1.147286854777527232e-01,1.147286854777527232e-01,1.147286854777527232e-01,1.114566503653704466e-01,1.114566503653704466e-01,1.010090465271331617e-01,1.010090465271331617e-01,9.780377370957626937e-02,9.780377370957626937e-02,9.780377370957626937e-02,9.780377370957626937e-02,9.780377370957626937e-02,9.780377370957626937e-02,9.780377370957626937e-02,9.376479404892457126e-02,9.376479404892457126e-02,9.090498915918621137e-02,9.090498915918621137e-02,9.090498915918621137e-02,9.090498915918621137e-02,8.781117071071609104e-02,8.781117071071609104e-02,8.781117071071609104e-02,8.781117071071609104e-02,8.781117071071609104e-02,8.507019260390569215e-02,8.507019260390569215e-02,8.507019260390569215e-02,8.507019260390569215e-02,8.363781421233706936e-02,8.363781421233706936e-02,8.363781421233706936e-02,8.176867708016954950e-02,7.360408468318446751e-02
